choice,otherchoice,id,payoff,round,pa,pb,econ
1,0,1,0,1,0,0,0
1,0,1,0,2,0,0,0
1,0,1,0,3,0,0,0
0,0,1,0,4,0,0,0
1,1,1,0,5,0,0,0
0,1,1,0,6,0,0,0
1,1,1,0,7,0,0,0
1,0,1,0,8,0,0,0
1,0,1,0,9,1,0,0
0,0,1,0,10,0,1,0
1,1,1,0,11,0,0,0
1,0,1,0,12,0,0,0
0,1,1,0,13,0,0,0
1,0,1,0,14,0,0,0
1,1,1,0,15,0,0,0
1,1,1,0,16,0,0,0
1,1,1,0,17,0,0,0
0,0,1,0,18,0,1,0
1,1,1,1,19,0,1,0
1,0,1,1,20,0,1,0
1,1,1,1,21,0,1,0
1,1,1,0,22,0,0,0
1,1,1,0,23,0,0,0
1,0,1,0,24,1,0,0
0,0,1,0,25,0,0,0
1,0,1,0,26,0,0,0
1,1,1,0,27,0,0,0
1,1,1,0,28,0,0,0
1,1,1,0,29,0,0,0
1,1,1,0,30,1,0,0
1,1,1,0,31,0,0,0
1,0,1,0,32,1,0,0
0,1,1,0,33,0,0,0
1,1,1,0,34,0,0,0
1,1,1,0,35,0,0,0
1,1,1,0,36,0,0,0
0,1,1,0,37,0,1,0
1,1,1,0,38,0,0,0
1,1,1,1,39,0,1,0
1,1,1,0,40,0,0,0
1,0,1,0,41,0,0,0
1,1,1,0,42,0,0,0
1,1,1,0,43,0,0,0
1,0,1,0,44,0,0,0
1,0,1,1,45,0,1,0
1,1,1,1,46,0,1,0
1,0,1,0,47,0,0,0
1,1,1,0,48,0,0,0
1,0,1,0,49,0,0,0
1,1,1,0,50,0,0,0
1,0,1,0,51,1,0,0
0,0,1,0,52,0,1,0
1,1,1,0,53,0,0,0
1,0,1,1,54,0,1,0
0,1,1,0,55,0,1,0
1,0,1,1,56,0,1,0
1,1,1,0,57,0,0,0
0,1,1,0,58,0,0,0
1,1,1,0,59,0,0,0
1,1,1,0,60,0,0,0
1,0,1,0,61,0,0,0
1,1,1,0,62,0,0,0
1,1,1,0,63,0,0,0
1,0,1,0,64,0,0,0
1,1,1,0,65,0,0,0
0,0,1,0,66,0,0,0
1,1,1,1,67,0,1,0
1,1,1,0,68,0,0,0
1,1,1,0,69,0,0,0
1,1,1,1,70,0,1,0
1,1,1,1,71,0,1,0
0,0,1,0,72,0,1,0
1,1,1,0,73,0,0,0
1,1,1,0,74,0,0,0
1,1,1,0,75,0,0,0
1,1,1,0,76,0,0,0
1,1,1,0,77,0,0,0
0,0,1,1,78,1,0,0
1,0,1,0,79,1,0,0
1,1,1,0,80,0,0,0
0,1,1,0,81,0,0,0
1,1,1,0,82,0,0,0
1,0,1,1,83,0,1,0
1,1,1,1,84,0,1,0
1,1,1,0,85,0,0,0
1,1,1,0,86,0,0,0
1,1,1,1,87,0,1,0
1,1,1,1,88,0,1,0
1,1,1,0,89,0,0,0
1,1,1,0,90,0,0,0
1,0,1,0,91,0,0,0
1,1,1,0,92,0,0,0
0,1,1,0,93,0,1,0
1,1,1,1,94,0,1,0
1,1,1,0,95,0,0,0
1,1,1,0,96,0,0,0
1,1,1,0,97,0,0,0
1,1,1,0,98,0,0,0
1,1,1,0,99,0,0,0
1,1,1,0,100,0,0,0
0,0,2,0,1,0,0,0
0,0,2,0,2,0,0,0
0,0,2,0,3,0,1,0
0,1,2,0,4,0,1,0
0,1,2,0,5,0,0,0
1,0,2,0,6,0,0,0
0,1,2,0,7,0,0,0
0,0,2,0,8,0,0,0
0,0,2,0,9,0,0,0
0,1,2,0,10,0,0,0
0,1,2,0,11,0,0,0
1,1,2,0,12,0,0,0
0,0,2,1,13,1,0,0
0,1,2,0,14,0,1,0
0,0,2,0,15,0,0,0
0,1,2,0,16,0,0,0
0,1,2,0,17,0,0,0
0,0,2,0,18,0,0,0
1,0,2,0,19,0,0,0
1,1,2,0,20,0,0,0
1,1,2,0,21,0,0,0
0,1,2,0,22,0,0,0
0,1,2,0,23,0,0,0
0,0,2,0,24,0,0,0
0,0,2,0,25,0,1,0
0,1,2,0,26,0,0,0
1,1,2,0,27,0,0,0
1,1,2,0,28,0,0,0
1,1,2,0,29,0,0,0
0,1,2,0,30,0,1,0
1,0,2,1,31,0,1,0
1,1,2,1,32,0,1,0
1,1,2,0,33,0,0,0
1,1,2,1,34,0,1,0
1,0,2,1,35,0,1,0
1,0,2,0,36,0,0,0
1,1,2,1,37,0,1,0
1,1,2,1,38,0,1,0
1,1,2,0,39,0,0,0
1,0,2,1,40,0,1,0
1,1,2,0,41,0,0,0
1,1,2,0,42,0,0,0
1,1,2,0,43,0,0,0
0,1,2,0,44,0,0,0
0,1,2,1,45,1,0,0
0,0,2,1,46,1,0,0
0,1,2,0,47,0,0,0
0,1,2,0,48,0,0,0
0,1,2,0,49,0,0,0
1,1,2,0,50,0,0,0
1,0,2,0,51,1,0,0
0,1,2,0,52,0,0,0
0,1,2,0,53,0,0,0
0,0,2,1,54,1,0,0
0,1,2,0,55,0,0,0
0,0,2,0,56,0,0,0
0,1,2,0,57,0,0,0
0,1,2,0,58,0,0,0
1,1,2,0,59,0,0,0
1,1,2,0,60,0,0,0
1,1,2,1,61,0,1,0
1,1,2,0,62,0,0,0
0,1,2,0,63,0,0,0
1,1,2,0,64,0,0,0
1,1,2,0,65,0,0,0
0,1,2,0,66,0,0,0
1,1,2,1,67,0,1,0
1,1,2,0,68,0,0,0
1,1,2,0,69,0,0,0
1,1,2,0,70,0,0,0
1,0,2,1,71,0,1,0
1,1,2,0,72,0,0,0
1,1,2,0,73,0,0,0
1,1,2,0,74,0,0,0
1,1,2,0,75,0,0,0
1,0,2,0,76,0,0,0
1,0,2,0,77,0,0,0
1,1,2,1,78,0,1,0
1,1,2,0,79,0,0,0
1,1,2,0,80,0,0,0
0,0,2,0,81,0,0,0
1,1,2,0,82,0,0,0
1,1,2,0,83,0,0,0
1,0,2,0,84,1,0,0
0,0,2,0,85,0,0,0
1,1,2,0,86,0,0,0
1,1,2,0,87,0,0,0
0,1,2,0,88,0,0,0
1,0,2,1,89,0,1,0
1,1,2,0,90,0,0,0
1,1,2,0,91,0,0,0
1,1,2,0,92,0,0,0
1,1,2,0,93,0,0,0
0,1,2,0,94,0,0,0
0,0,2,0,95,0,1,0
1,1,2,0,96,0,0,0
1,1,2,0,97,0,0,0
1,1,2,1,98,0,1,0
1,1,2,0,99,0,0,0
1,1,2,0,100,0,0,0
0,1,3,0,1,0,0,0
0,0,3,0,2,0,1,0
0,0,3,1,3,1,0,0
0,1,3,0,4,0,0,0
0,0,3,1,5,1,0,0
0,0,3,1,6,1,0,0
0,0,3,0,7,0,0,0
0,1,3,0,8,0,0,0
0,0,3,0,9,0,0,0
0,0,3,1,10,1,0,0
0,1,3,0,11,0,0,0
0,0,3,0,12,0,0,0
0,0,3,0,13,0,1,0
0,1,3,0,14,0,0,0
0,0,3,1,15,1,0,0
0,1,3,0,16,0,0,0
0,0,3,0,17,0,0,0
0,0,3,0,18,0,0,0
0,1,3,0,19,0,0,0
0,0,3,1,20,1,0,0
0,1,3,0,21,0,0,0
1,0,3,0,22,0,0,0
1,1,3,0,23,0,0,0
1,1,3,0,24,0,0,0
1,1,3,0,25,0,0,0
1,0,3,0,26,0,0,0
1,1,3,0,27,0,0,0
1,0,3,0,28,1,0,0
1,1,3,0,29,0,0,0
1,0,3,0,30,0,0,0
1,1,3,0,31,0,0,0
1,1,3,0,32,0,0,0
1,1,3,1,33,0,1,0
1,1,3,0,34,0,0,0
1,0,3,1,35,0,1,0
1,1,3,0,36,0,0,0
1,0,3,0,37,1,0,0
1,1,3,0,38,0,0,0
1,0,3,0,39,1,0,0
1,0,3,0,40,0,0,0
1,1,3,0,41,0,0,0
1,1,3,0,42,0,0,0
1,1,3,0,43,0,0,0
1,1,3,0,44,0,0,0
1,0,3,0,45,1,0,0
1,1,3,0,46,0,0,0
1,0,3,0,47,0,0,0
1,0,3,0,48,1,0,0
1,1,3,0,49,0,0,0
1,1,3,0,50,0,0,0
1,0,3,0,51,0,0,0
1,0,3,0,52,0,0,0
1,1,3,0,53,0,0,0
0,1,3,0,54,0,0,0
1,1,3,0,55,0,0,0
1,0,3,1,56,0,1,0
1,0,3,0,57,1,0,0
1,0,3,0,58,0,0,0
1,1,3,0,59,0,0,0
1,1,3,1,60,0,1,0
1,0,3,0,61,0,0,0
1,1,3,0,62,0,0,0
1,1,3,0,63,0,0,0
1,1,3,0,64,0,0,0
1,0,3,0,65,1,0,0
1,0,3,0,66,0,0,0
1,0,3,1,67,0,1,0
1,1,3,0,68,0,0,0
1,1,3,0,69,0,0,0
1,1,3,0,70,0,0,0
1,0,3,0,71,1,0,0
1,0,3,0,72,1,0,0
1,1,3,0,73,0,0,0
1,1,3,0,74,0,0,0
1,1,3,0,75,0,0,0
1,1,3,0,76,0,0,0
1,1,3,0,77,0,0,0
1,0,3,0,78,1,0,0
1,0,3,0,79,0,0,0
1,0,3,0,80,1,0,0
0,1,3,0,81,0,0,0
0,1,3,0,82,0,0,0
0,1,3,0,83,0,1,0
0,1,3,0,84,0,0,0
1,1,3,0,85,0,0,0
1,1,3,0,86,0,0,0
1,1,3,0,87,0,0,0
1,1,3,1,88,0,1,0
1,0,3,0,89,0,0,0
1,1,3,0,90,0,0,0
1,0,3,0,91,0,0,0
1,1,3,0,92,0,0,0
1,1,3,0,93,0,0,0
1,1,3,0,94,0,0,0
1,1,3,0,95,0,0,0
1,0,3,0,96,0,0,0
1,1,3,1,97,0,1,0
1,1,3,0,98,0,0,0
1,1,3,0,99,0,0,0
1,1,3,0,100,0,0,0
1,0,4,1,1,0,1,1
1,0,4,1,2,0,1,1
1,1,4,0,3,0,0,1
1,0,4,0,4,1,0,1
1,1,4,0,5,0,0,1
1,1,4,0,6,0,0,1
1,1,4,1,7,0,1,1
1,1,4,0,8,0,0,1
1,1,4,0,9,0,0,1
1,0,4,1,10,0,1,1
1,0,4,0,11,0,0,1
1,1,4,0,12,0,0,1
1,0,4,0,13,0,0,1
1,1,4,0,14,0,0,1
1,1,4,0,15,0,0,1
1,0,4,1,16,0,1,1
1,0,4,0,17,1,0,1
1,1,4,0,18,0,0,1
1,1,4,0,19,0,0,1
1,1,4,0,20,0,0,1
1,1,4,0,21,0,0,1
1,1,4,0,22,0,0,1
1,0,4,0,23,1,0,1
1,1,4,0,24,0,0,1
1,1,4,1,25,0,1,1
1,1,4,1,26,0,1,1
1,1,4,0,27,0,0,1
1,0,4,1,28,0,1,1
1,1,4,0,29,0,0,1
1,0,4,1,30,0,1,1
1,1,4,0,31,0,0,1
1,1,4,0,32,0,0,1
1,0,4,0,33,0,0,1
1,1,4,0,34,0,0,1
1,1,4,0,35,0,0,1
1,1,4,0,36,0,0,1
1,1,4,0,37,0,0,1
1,0,4,0,38,1,0,1
1,1,4,0,39,0,0,1
1,1,4,0,40,0,0,1
1,0,4,1,41,0,1,1
1,1,4,0,42,0,0,1
1,0,4,0,43,1,0,1
1,0,4,0,44,1,0,1
1,1,4,0,45,0,0,1
1,1,4,0,46,0,0,1
1,1,4,0,47,0,0,1
1,1,4,0,48,0,0,1
1,0,4,0,49,1,0,1
1,0,4,0,50,1,0,1
0,1,4,0,51,0,0,1
0,1,4,0,52,0,0,1
0,1,4,0,53,0,0,1
0,0,4,0,54,0,0,1
0,1,4,0,55,0,0,1
0,0,4,0,56,0,0,1
0,1,4,0,57,0,0,1
0,0,4,1,58,1,0,1
0,1,4,0,59,0,0,1
0,0,4,1,60,1,0,1
0,1,4,0,61,0,0,1
0,1,4,0,62,0,0,1
0,1,4,0,63,0,0,1
0,1,4,0,64,0,0,1
0,1,4,0,65,0,0,1
0,0,4,0,66,0,1,1
0,1,4,0,67,0,0,1
0,1,4,0,68,0,1,1
0,1,4,0,69,0,0,1
0,1,4,0,70,0,0,1
0,1,4,0,71,0,0,1
0,1,4,0,72,0,0,1
0,0,4,0,73,0,0,1
0,1,4,0,74,0,0,1
0,1,4,0,75,0,0,1
0,1,4,0,76,0,1,1
0,1,4,0,77,0,0,1
0,1,4,0,78,0,0,1
0,1,4,0,79,0,0,1
0,1,4,0,80,0,0,1
1,1,4,0,81,0,0,1
1,1,4,0,82,0,0,1
1,0,4,1,83,0,1,1
1,1,4,0,84,0,0,1
1,1,4,1,85,0,1,1
1,0,4,0,86,1,0,1
1,1,4,0,87,0,0,1
1,1,4,0,88,0,0,1
1,1,4,0,89,0,0,1
1,1,4,0,90,0,0,1
1,1,4,0,91,0,0,1
1,1,4,0,92,0,0,1
1,0,4,0,93,0,0,1
1,0,4,0,94,0,0,1
1,1,4,0,95,0,0,1
1,1,4,0,96,0,0,1
1,0,4,1,97,0,1,1
1,1,4,0,98,0,0,1
1,1,4,0,99,0,0,1
1,1,4,0,100,0,0,1
0,1,5,0,1,0,0,0
0,1,5,0,2,0,1,0
0,0,5,0,3,0,1,0
0,1,5,0,4,0,0,0
1,0,5,1,5,0,1,0
1,0,5,1,6,0,1,0
0,0,5,0,7,0,0,0
0,1,5,0,8,0,0,0
0,0,5,0,9,0,0,0
1,0,5,0,10,0,0,0
1,0,5,1,11,0,1,0
1,1,5,0,12,0,0,0
0,1,5,0,13,0,0,0
1,1,5,0,14,0,0,0
1,1,5,0,15,0,0,0
1,0,5,0,16,1,0,0
1,1,5,0,17,0,0,0
1,1,5,0,18,0,0,0
0,1,5,1,19,1,0,0
0,1,5,0,20,0,1,0
1,0,5,0,21,0,0,0
1,1,5,0,22,0,0,0
0,1,5,0,23,0,0,0
0,1,5,0,24,0,0,0
0,1,5,0,25,0,0,0
1,1,5,0,26,0,0,0
1,0,5,0,27,0,0,0
0,1,5,0,28,0,1,0
1,1,5,0,29,0,0,0
0,1,5,0,30,0,0,0
0,1,5,0,31,0,0,0
1,1,5,0,32,0,0,0
0,1,5,0,33,0,0,0
1,1,5,0,34,0,0,0
0,1,5,0,35,0,0,0
1,0,5,0,36,0,0,0
1,1,5,1,37,0,1,0
0,1,5,0,38,0,0,0
1,0,5,1,39,0,1,0
0,1,5,0,40,0,1,0
1,1,5,0,41,0,0,0
1,0,5,0,42,1,0,0
0,1,5,0,43,0,0,0
0,1,5,0,44,0,0,0
1,1,5,1,45,0,1,0
0,0,5,0,46,0,1,0
1,1,5,1,47,0,1,0
0,0,5,0,48,0,1,0
0,1,5,0,49,0,0,0
0,1,5,0,50,0,1,0
1,1,5,0,51,0,0,0
0,1,5,0,52,0,0,0
1,0,5,1,53,0,1,0
1,0,5,0,54,0,0,0
1,0,5,0,55,1,0,0
0,0,5,1,56,1,0,0
1,0,5,0,57,0,0,0
0,1,5,0,58,0,0,0
0,1,5,0,59,0,1,0
0,0,5,0,60,0,0,0
1,1,5,0,61,0,0,0
0,1,5,0,62,0,0,0
1,1,5,0,63,0,0,0
1,1,5,0,64,0,0,0
0,1,5,0,65,0,0,0
0,1,5,0,66,0,0,0
0,1,5,0,67,0,0,0
1,0,5,1,68,0,1,0
1,1,5,0,69,0,0,0
1,1,5,0,70,0,0,0
0,1,5,0,71,0,0,0
0,1,5,0,72,0,1,0
0,0,5,0,73,0,0,0
1,0,5,0,74,1,0,0
1,0,5,1,75,0,1,0
1,1,5,0,76,0,0,0
0,1,5,0,77,0,0,0
1,1,5,0,78,0,0,0
0,1,5,0,79,0,1,0
1,0,5,0,80,0,0,0
0,1,5,0,81,0,1,0
1,1,5,0,82,0,0,0
0,1,5,0,83,0,0,0
1,0,5,0,84,0,0,0
0,0,5,0,85,0,1,0
1,1,5,0,86,0,0,0
1,1,5,0,87,1,0,0
1,1,5,0,88,0,0,0
0,1,5,0,89,0,0,0
1,0,5,0,90,0,0,0
1,1,5,0,91,0,0,0
0,1,5,0,92,0,0,0
1,0,5,0,93,0,0,0
1,1,5,0,94,0,0,0
0,1,5,0,95,0,0,0
0,1,5,0,96,0,0,0
1,1,5,0,97,0,0,0
0,1,5,0,98,0,0,0
1,1,5,0,99,0,0,0
1,0,5,1,100,0,1,0
0,0,6,1,1,1,0,1
0,0,6,1,2,1,0,1
0,0,6,0,3,0,0,1
0,0,6,0,4,0,0,1
0,1,6,0,5,0,0,1
1,1,6,0,6,0,0,1
1,1,6,0,7,0,0,1
1,1,6,0,8,0,0,1
1,1,6,0,9,0,0,1
0,0,6,0,10,0,0,1
0,1,6,0,11,0,0,1
1,1,6,0,12,0,0,1
1,0,6,0,13,0,0,1
1,1,6,0,14,0,0,1
0,0,6,0,15,0,0,1
0,0,6,0,16,0,0,1
0,0,6,0,17,0,0,1
0,0,6,0,18,0,1,1
0,0,6,0,19,0,0,1
0,0,6,0,20,0,1,1
0,0,6,0,21,0,1,1
0,0,6,0,22,0,0,1
0,0,6,0,23,0,0,1
0,1,6,0,24,0,0,1
1,1,6,0,25,0,0,1
0,1,6,0,26,0,1,1
1,1,6,0,27,0,0,1
1,1,6,0,28,0,0,1
1,0,6,1,29,0,1,1
1,1,6,0,30,0,0,1
1,1,6,0,31,0,0,1
1,0,6,0,32,0,0,1
0,0,6,0,33,0,1,1
1,1,6,0,34,0,0,1
1,0,6,0,35,1,0,1
0,1,6,0,36,0,0,1
0,1,6,0,37,0,0,1
0,1,6,0,38,0,0,1
0,1,6,0,39,0,0,1
1,1,6,0,40,0,0,1
1,1,6,0,41,0,0,1
1,1,6,0,42,0,0,1
1,1,6,0,43,0,0,1
1,0,6,1,44,0,1,1
0,1,6,0,45,0,0,1
0,0,6,0,46,0,0,1
0,1,6,0,47,0,0,1
0,0,6,0,48,0,1,1
1,1,6,0,49,0,0,1
1,1,6,1,50,0,1,1
0,1,6,0,51,0,0,1
0,0,6,0,52,0,1,1
1,1,6,0,53,0,0,1
0,0,6,0,54,0,1,1
1,0,6,0,55,1,0,1
0,0,6,0,56,0,0,1
0,1,6,0,57,0,1,1
0,0,6,0,58,0,0,1
1,1,6,0,59,0,0,1
0,1,6,0,60,0,0,1
1,1,6,0,61,0,0,1
1,1,6,0,62,1,0,1
1,1,6,0,63,0,0,1
1,0,6,1,64,0,1,1
1,1,6,0,65,0,0,1
1,1,6,0,66,0,0,1
1,1,6,0,67,0,0,1
1,1,6,0,68,0,0,1
1,1,6,0,69,0,0,1
1,1,6,0,70,0,0,1
1,1,6,0,71,0,0,1
1,1,6,1,72,0,1,1
1,1,6,0,73,0,0,1
1,1,6,1,74,0,1,1
1,0,6,0,75,0,0,1
0,0,6,0,76,0,1,1
1,0,6,1,77,0,1,1
0,0,6,0,78,0,1,1
1,1,6,0,79,0,0,1
0,1,6,0,80,0,0,1
0,0,6,0,81,0,0,1
1,1,6,0,82,0,0,1
1,1,6,0,83,0,0,1
1,1,6,0,84,0,0,1
1,1,6,0,85,0,0,1
1,1,6,0,86,0,0,1
1,1,6,0,87,0,0,1
1,1,6,0,88,0,0,1
0,1,6,0,89,0,0,1
1,1,6,0,90,0,0,1
1,1,6,1,91,0,1,1
1,1,6,0,92,0,0,1
0,1,6,0,93,0,0,1
1,1,6,0,94,0,0,1
1,1,6,0,95,0,0,1
1,1,6,0,96,0,0,1
1,1,6,1,97,0,1,1
1,1,6,0,98,0,0,1
1,1,6,0,99,0,0,1
1,1,6,1,100,0,1,1
1,0,7,0,1,1,0,1
0,0,7,1,2,1,0,1
0,1,7,0,3,0,0,1
1,0,7,0,4,1,0,1
1,0,7,1,5,0,1,1
0,0,7,0,6,0,0,1
0,0,7,1,7,1,0,1
1,0,7,1,8,0,1,1
0,1,7,0,9,0,0,1
0,1,7,0,10,0,0,1
1,0,7,0,11,0,0,1
1,1,7,1,12,0,1,1
0,1,7,0,13,0,0,1
1,0,7,0,14,0,0,1
1,1,7,0,15,0,0,1
0,0,7,0,16,0,1,1
1,0,7,1,17,0,1,1
1,1,7,0,18,0,0,1
0,0,7,0,19,0,1,1
1,0,7,0,20,1,0,1
0,1,7,0,21,0,0,1
0,1,7,0,22,0,0,1
1,1,7,1,23,0,1,1
1,0,7,0,24,0,0,1
1,1,7,0,25,0,0,1
0,0,7,1,26,1,0,1
1,1,7,0,27,0,0,1
1,0,7,0,28,1,0,1
1,1,7,0,29,0,0,1
1,0,7,0,30,0,0,1
0,1,7,0,31,0,0,1
0,1,7,0,32,0,1,1
1,1,7,0,33,0,0,1
1,1,7,0,34,0,0,1
0,1,7,0,35,0,0,1
1,1,7,0,36,0,0,1
1,0,7,1,37,0,1,1
1,1,7,0,38,0,0,1
0,1,7,0,39,0,1,1
1,1,7,0,40,0,0,1
0,1,7,0,41,0,0,1
0,1,7,0,42,0,0,1
1,1,7,1,43,0,1,1
1,1,7,0,44,0,0,1
0,1,7,0,45,0,1,1
0,0,7,0,46,0,0,1
1,0,7,0,47,0,0,1
0,1,7,0,48,0,0,1
1,1,7,1,49,0,1,1
1,1,7,0,50,0,0,1
1,1,7,0,51,0,0,1
0,1,7,0,52,0,0,1
1,0,7,1,53,0,1,1
0,0,7,0,54,0,1,1
1,1,7,0,55,0,0,1
0,1,7,0,56,0,0,1
1,0,7,0,57,0,0,1
0,1,7,0,58,0,0,1
1,1,7,0,59,0,0,1
0,0,7,1,60,1,0,1
0,1,7,0,61,0,1,1
1,0,7,0,62,0,0,1
1,0,7,0,63,1,0,1
0,1,7,0,64,0,0,1
0,1,7,0,65,0,0,1
1,1,7,0,66,0,0,1
0,1,7,0,67,0,0,1
0,1,7,0,68,0,0,1
1,0,7,1,69,0,1,1
1,1,7,0,70,0,0,1
0,1,7,0,71,0,0,1
0,0,7,1,72,1,0,1
0,1,7,0,73,0,1,1
1,1,7,0,74,0,0,1
1,1,7,0,75,0,0,1
0,1,7,0,76,0,0,1
1,1,7,1,77,0,1,1
1,1,7,0,78,0,0,1
0,1,7,0,79,0,0,1
0,1,7,0,80,0,0,1
1,0,7,1,81,0,1,1
1,0,7,0,82,0,0,1
0,1,7,0,83,0,0,1
0,1,7,0,84,0,0,1
1,1,7,1,85,0,1,1
0,1,7,0,86,0,0,1
1,0,7,0,87,0,0,1
1,1,7,1,88,0,1,1
0,1,7,0,89,0,0,1
1,1,7,0,90,0,0,1
0,1,7,0,91,0,0,1
1,1,7,0,92,0,0,1
0,1,7,0,93,0,0,1
0,1,7,0,94,0,0,1
1,0,7,1,95,0,1,1
0,1,7,0,96,0,1,1
0,1,7,0,97,0,0,1
1,1,7,0,98,0,0,1
1,1,7,0,99,0,0,1
0,1,7,0,100,0,0,1
0,0,8,0,1,0,0,0
0,0,8,1,2,1,0,0
0,0,8,0,3,0,1,0
0,0,8,0,4,0,1,0
0,0,8,0,5,0,0,0
0,1,8,0,6,0,0,0
0,0,8,0,7,0,1,0
0,1,8,0,8,0,0,0
0,0,8,0,9,0,1,0
0,1,8,0,10,0,0,0
1,0,8,0,11,0,0,0
0,1,8,0,12,0,0,0
1,0,8,0,13,0,0,0
0,1,8,0,14,0,0,0
0,0,8,1,15,1,0,0
0,0,8,0,16,0,0,0
0,0,8,1,17,1,0,0
0,1,8,0,18,0,1,0
0,0,8,1,19,1,0,0
0,1,8,0,20,0,0,0
0,0,8,0,21,0,0,0
0,0,8,0,22,0,0,0
0,0,8,0,23,0,0,0
0,0,8,0,24,0,0,0
0,0,8,1,25,1,0,0
0,0,8,0,26,0,0,0
0,1,8,0,27,0,0,0
0,1,8,0,28,0,0,0
0,1,8,0,29,0,1,0
0,1,8,0,30,0,0,0
0,1,8,0,31,0,0,0
0,1,8,0,32,0,0,0
0,0,8,0,33,0,1,0
0,0,8,0,34,0,0,0
0,1,8,0,35,0,0,0
0,1,8,0,36,0,0,0
0,1,8,0,37,0,0,0
1,0,8,0,38,1,0,0
1,1,8,1,39,0,1,0
1,1,8,0,40,0,0,0
0,1,8,0,41,0,0,0
1,1,8,1,42,0,1,0
1,1,8,0,43,0,0,0
0,1,8,0,44,0,0,0
1,1,8,1,45,0,1,0
1,0,8,0,46,0,0,0
0,1,8,0,47,0,0,0
1,0,8,0,48,1,0,0
0,0,8,0,49,0,0,0
1,1,8,0,50,0,0,0
0,1,8,0,51,0,0,0
1,0,8,0,52,0,0,0
0,1,8,0,53,0,0,0
0,1,8,0,54,0,0,0
1,0,8,0,55,0,0,0
0,1,8,0,56,0,0,0
1,1,8,0,57,0,0,0
1,0,8,1,58,0,1,0
1,0,8,0,59,1,0,0
0,0,8,0,60,0,0,0
1,1,8,0,61,0,0,0
1,1,8,0,62,0,0,0
1,0,8,0,63,0,0,0
1,1,8,0,64,0,0,0
1,0,8,0,65,0,0,0
1,1,8,0,66,0,0,0
1,0,8,0,67,0,0,0
1,1,8,0,68,0,0,0
1,1,8,0,69,0,0,0
1,0,8,0,70,0,0,0
1,0,8,1,71,0,1,0
1,0,8,0,72,1,0,0
1,1,8,1,73,0,1,0
1,1,8,0,74,0,0,0
1,1,8,0,75,0,0,0
1,0,8,0,76,1,0,0
1,1,8,0,77,0,0,0
1,1,8,0,78,0,0,0
1,0,8,0,79,0,0,0
1,1,8,0,80,0,0,0
1,0,8,0,81,0,0,0
1,1,8,0,82,0,0,0
1,1,8,0,83,0,0,0
1,0,8,0,84,0,0,0
1,1,8,0,85,0,0,0
1,1,8,0,86,0,0,0
1,1,8,0,87,0,0,0
1,1,8,0,88,0,0,0
1,1,8,0,89,0,0,0
1,1,8,0,90,0,0,0
1,1,8,0,91,0,0,0
1,0,8,0,92,0,0,0
1,1,8,0,93,0,0,0
1,1,8,0,94,0,0,0
1,1,8,1,95,0,1,0
1,1,8,0,96,0,0,0
1,1,8,0,97,0,0,0
1,1,8,0,98,0,0,0
1,0,8,0,99,0,0,0
1,0,8,0,100,0,0,0
0,0,9,0,1,0,1,0
0,1,9,0,2,0,0,0
1,1,9,1,3,0,1,0
1,0,9,1,4,0,1,0
1,0,9,0,5,0,0,0
1,0,9,0,6,0,0,0
1,0,9,0,7,1,0,0
0,0,9,0,8,0,1,0
1,1,9,1,9,0,1,0
1,0,9,0,10,0,0,0
1,1,9,1,11,0,1,0
0,0,9,1,12,1,0,0
0,1,9,0,13,0,0,0
1,1,9,0,14,0,0,0
1,1,9,0,15,0,0,0
1,1,9,1,16,0,1,0
0,0,9,0,17,0,1,0
1,1,9,0,18,0,0,0
0,0,9,1,19,1,0,0
0,1,9,0,20,0,0,0
1,0,9,0,21,0,0,0
1,0,9,1,22,0,1,0
1,0,9,0,23,0,0,0
0,1,9,0,24,0,0,0
0,0,9,1,25,1,0,0
1,1,9,0,26,0,0,0
0,1,9,0,27,0,0,0
0,1,9,0,28,0,1,0
1,1,9,0,29,0,0,0
0,1,9,0,30,0,0,0
1,0,9,0,31,1,0,0
0,1,9,0,32,0,0,0
1,1,9,0,33,0,0,0
0,0,9,0,34,0,0,0
0,1,9,0,35,0,0,0
0,1,9,0,36,0,0,0
1,1,9,0,37,0,0,0
1,1,9,1,38,0,1,0
1,1,9,0,39,0,0,0
0,1,9,0,40,0,0,0
1,1,9,0,41,0,0,0
1,1,9,0,42,0,0,0
0,1,9,0,43,0,0,0
0,1,9,0,44,0,0,0
1,0,9,0,45,1,0,0
0,1,9,0,46,0,0,0
0,1,9,0,47,0,1,0
1,1,9,0,48,0,0,0
0,0,9,0,49,0,1,0
1,1,9,0,50,0,0,0
0,1,9,0,51,0,0,0
1,0,9,0,52,0,0,0
1,0,9,0,53,1,0,0
0,1,9,0,54,0,0,0
0,1,9,0,55,0,0,0
0,1,9,0,56,0,0,0
1,1,9,0,57,0,0,0
1,0,9,1,58,0,1,0
1,1,9,0,59,0,0,0
1,0,9,0,60,0,0,0
1,1,9,0,61,0,0,0
1,0,9,1,62,0,1,0
1,1,9,0,63,0,0,0
1,1,9,0,64,0,0,0
1,1,9,0,65,0,0,0
1,1,9,0,66,0,0,0
1,0,9,0,67,0,0,0
1,1,9,0,68,0,0,0
1,1,9,0,69,0,0,0
1,1,9,0,70,0,0,0
0,1,9,0,71,0,0,0
1,1,9,0,72,0,0,0
1,1,9,0,73,0,0,0
1,1,9,0,74,0,0,0
0,1,9,0,75,0,0,0
0,0,9,0,76,0,1,0
0,1,9,0,77,0,0,0
1,1,9,1,78,0,1,0
1,1,9,0,79,0,0,0
1,1,9,0,80,0,0,0
1,1,9,0,81,0,0,0
1,1,9,0,82,0,0,0
1,1,9,0,83,0,0,0
0,1,9,0,84,0,0,0
1,1,9,0,85,0,0,0
1,1,9,0,86,0,0,0
0,1,9,0,87,0,0,0
1,1,9,0,88,0,0,0
1,0,9,0,89,0,0,0
0,1,9,0,90,0,0,0
0,1,9,0,91,0,0,0
1,1,9,0,92,0,0,0
1,1,9,0,93,0,0,0
1,0,9,0,94,1,0,0
0,0,9,0,95,0,1,0
1,0,9,1,96,0,1,0
1,1,9,0,97,0,0,0
1,0,9,0,98,1,0,0
0,1,9,0,99,0,0,0
0,1,9,0,100,0,0,0
0,1,10,0,1,0,0,0
0,0,10,0,2,0,0,0
0,0,10,0,3,0,0,0
0,0,10,0,4,0,0,0
0,1,10,0,5,0,0,0
0,1,10,0,6,0,0,0
1,1,10,0,7,0,0,0
1,0,10,0,8,0,0,0
1,1,10,1,9,0,1,0
0,0,10,0,10,0,0,0
0,1,10,0,11,0,0,0
1,1,10,0,12,0,0,0
1,0,10,1,13,0,1,0
1,0,10,0,14,0,0,0
1,1,10,0,15,0,0,0
0,0,10,1,16,1,0,0
0,1,10,0,17,0,0,0
1,0,10,1,18,0,1,0
1,0,10,1,19,0,1,0
1,0,10,1,20,0,1,0
1,1,10,0,21,0,0,0
1,1,10,0,22,0,0,0
1,1,10,0,23,0,0,0
1,0,10,0,24,1,0,0
1,0,10,1,25,0,1,0
1,1,10,0,26,0,0,0
1,0,10,1,27,0,1,0
1,1,10,0,28,0,0,0
1,1,10,0,29,0,0,0
1,0,10,0,30,0,0,0
1,0,10,0,31,0,0,0
1,0,10,0,32,0,0,0
1,0,10,1,33,0,1,0
1,1,10,0,34,0,0,0
1,0,10,0,35,0,0,0
1,0,10,1,36,0,1,0
1,0,10,1,37,0,1,0
1,1,10,0,38,0,0,0
1,1,10,0,39,0,0,0
1,1,10,1,40,0,1,0
1,1,10,1,41,0,1,0
1,1,10,1,42,0,1,0
1,0,10,0,43,0,0,0
1,0,10,0,44,1,0,0
1,1,10,0,45,0,0,0
1,1,10,1,46,0,1,0
1,0,10,1,47,0,1,0
1,1,10,0,48,0,0,0
1,1,10,0,49,0,0,0
1,1,10,0,50,0,0,0
1,0,10,1,51,0,1,0
1,0,10,0,52,0,0,0
1,1,10,0,53,0,0,0
1,0,10,0,54,1,0,0
1,0,10,0,55,1,0,0
1,0,10,0,56,0,0,0
1,1,10,0,57,0,0,0
1,0,10,0,58,1,0,0
1,0,10,1,59,0,1,0
1,1,10,0,60,0,0,0
1,1,10,1,61,0,1,0
1,1,10,0,62,0,0,0
1,1,10,0,63,0,0,0
1,1,10,0,64,0,0,0
1,0,10,0,65,1,0,0
1,0,10,1,66,0,1,0
1,1,10,0,67,0,0,0
1,0,10,1,68,0,1,0
1,1,10,0,69,0,0,0
1,1,10,0,70,0,0,0
1,0,10,0,71,0,0,0
1,1,10,0,72,0,0,0
1,0,10,0,73,0,0,0
1,1,10,0,74,0,0,0
1,1,10,0,75,0,0,0
1,1,10,0,76,0,0,0
1,0,10,1,77,0,1,0
1,1,10,0,78,0,0,0
1,1,10,1,79,0,1,0
1,0,10,0,80,0,0,0
1,0,10,1,81,0,1,0
1,1,10,0,82,0,0,0
1,0,10,0,83,0,0,0
1,1,10,0,84,0,0,0
1,1,10,0,85,0,0,0
1,1,10,0,86,0,0,0
1,1,10,0,87,0,0,0
1,0,10,1,88,0,1,0
1,1,10,0,89,0,0,0
1,1,10,0,90,0,0,0
1,1,10,0,91,0,0,0
1,1,10,0,92,0,0,0
1,0,10,0,93,1,0,0
1,1,10,1,94,0,1,0
1,1,10,0,95,0,0,0
1,1,10,1,96,0,1,0
1,1,10,0,97,0,0,0
1,1,10,0,98,0,0,0
1,1,10,0,99,0,0,0
1,1,10,0,100,0,0,0
0,1,11,0,1,0,1,1
1,1,11,0,2,0,0,1
1,1,11,0,3,0,0,1
1,1,11,0,4,0,0,1
1,1,11,1,5,0,1,1
1,1,11,0,6,0,0,1
1,1,11,0,7,0,0,1
1,1,11,0,8,0,0,1
1,1,11,0,9,0,0,1
1,1,11,0,10,0,0,1
1,1,11,0,11,0,0,1
1,1,11,0,12,0,0,1
1,1,11,0,13,0,0,1
1,1,11,0,14,0,0,1
1,1,11,0,15,0,0,1
1,0,11,0,16,1,0,1
1,1,11,0,17,0,0,1
1,1,11,0,18,0,0,1
1,0,11,0,19,0,0,1
0,0,11,0,20,0,1,1
0,0,11,0,21,0,1,1
0,1,11,0,22,0,0,1
0,1,11,0,23,0,0,1
1,1,11,0,24,0,0,1
1,0,11,1,25,0,1,1
1,1,11,0,26,0,0,1
1,1,11,0,27,0,0,1
1,1,11,0,28,0,0,1
1,1,11,0,29,0,0,1
1,1,11,1,30,0,1,1
1,1,11,0,31,0,0,1
1,1,11,1,32,0,1,1
1,1,11,0,33,0,0,1
1,1,11,0,34,0,0,1
1,1,11,0,35,0,0,1
1,1,11,0,36,0,0,1
1,1,11,0,37,0,0,1
1,1,11,0,38,0,0,1
1,0,11,0,39,1,0,1
1,1,11,0,40,0,0,1
1,0,11,0,41,0,0,1
1,1,11,0,42,0,0,1
1,1,11,1,43,0,1,1
1,0,11,0,44,1,0,1
1,0,11,0,45,0,0,1
0,1,11,0,46,0,0,1
1,1,11,1,47,0,1,1
1,1,11,0,48,0,0,1
1,1,11,0,49,0,0,1
1,1,11,0,50,0,0,1
1,0,11,0,51,1,0,1
1,1,11,1,52,0,1,1
0,1,11,0,53,0,0,1
1,1,11,0,54,0,0,1
1,1,11,0,55,0,0,1
1,1,11,0,56,0,0,1
1,1,11,0,57,0,0,1
1,1,11,0,58,0,0,1
1,1,11,0,59,0,0,1
1,1,11,0,60,0,0,1
1,1,11,0,61,0,0,1
1,1,11,1,62,0,1,1
1,0,11,0,63,0,0,1
0,1,11,0,64,0,0,1
1,1,11,1,65,0,1,1
1,1,11,0,66,0,0,1
1,1,11,0,67,0,0,1
1,1,11,1,68,0,1,1
1,1,11,0,69,0,0,1
1,1,11,0,70,0,0,1
1,1,11,0,71,1,0,1
1,0,11,0,72,0,0,1
1,1,11,0,73,0,0,1
1,1,11,0,74,0,0,1
1,0,11,0,75,1,0,1
1,1,11,0,76,0,0,1
1,1,11,0,77,0,0,1
1,1,11,0,78,0,0,1
1,1,11,0,79,0,0,1
1,1,11,0,80,0,0,1
1,1,11,0,81,0,0,1
1,1,11,0,82,0,0,1
1,1,11,0,83,0,0,1
1,1,11,0,84,0,0,1
1,1,11,0,85,0,0,1
1,1,11,0,86,0,0,1
1,1,11,0,87,0,0,1
1,1,11,0,88,0,0,1
1,1,11,0,89,0,0,1
1,1,11,0,90,0,0,1
1,1,11,0,91,0,0,1
1,0,11,0,92,1,0,1
1,1,11,0,93,0,0,1
1,1,11,0,94,0,0,1
1,1,11,0,95,0,0,1
1,0,11,1,96,0,1,1
1,0,11,0,97,0,0,1
1,1,11,0,98,0,0,1
1,1,11,0,99,0,0,1
1,1,11,0,100,0,0,1
1,1,12,0,1,0,0,0
1,1,12,0,2,0,0,0
1,1,12,0,3,0,0,0
0,0,12,1,4,1,0,0
1,1,12,0,5,0,0,0
0,1,12,0,6,0,0,0
1,1,12,0,7,0,0,0
1,1,12,1,8,0,1,0
1,1,12,0,9,0,0,0
1,1,12,0,10,0,0,0
0,1,12,0,11,0,1,0
1,1,12,0,12,0,0,0
1,1,12,0,13,0,0,0
1,1,12,1,14,0,1,0
1,1,12,0,15,0,0,0
1,1,12,1,16,0,1,0
1,1,12,1,17,0,1,0
1,1,12,0,18,0,0,0
1,0,12,0,19,1,0,0
0,1,12,0,20,0,0,0
1,1,12,0,21,0,0,0
1,1,12,0,22,0,0,0
1,0,12,0,23,0,0,0
1,1,12,0,24,0,0,0
0,1,12,0,25,0,0,0
1,1,12,0,26,0,0,0
1,1,12,0,27,0,0,0
1,1,12,0,28,0,0,0
1,1,12,1,29,0,1,0
1,1,12,0,30,0,0,0
1,1,12,0,31,0,0,0
1,1,12,0,32,0,0,0
0,1,12,0,33,0,0,0
0,1,12,0,34,0,0,0
1,1,12,1,35,0,1,0
1,1,12,1,36,0,1,0
1,0,12,1,37,0,1,0
1,1,12,0,38,0,0,0
1,1,12,0,39,0,0,0
1,1,12,0,40,0,0,0
0,1,12,0,41,0,0,0
0,0,12,0,42,0,0,0
1,1,12,0,43,0,0,0
1,1,12,0,44,0,0,0
1,1,12,0,45,0,0,0
1,1,12,0,46,0,0,0
1,1,12,0,47,0,0,0
0,1,12,0,48,0,1,0
1,1,12,0,49,0,0,0
1,1,12,1,50,0,1,0
1,1,12,0,51,0,0,0
1,1,12,1,52,0,1,0
1,1,12,0,53,0,0,0
0,1,12,0,54,0,0,0
1,0,12,0,55,0,0,0
1,1,12,0,56,0,0,0
1,1,12,0,57,0,0,0
1,0,12,0,58,0,0,0
1,1,12,0,59,0,0,0
1,0,12,0,60,0,0,0
1,1,12,0,61,0,0,0
1,0,12,0,62,0,0,0
0,1,12,0,63,0,0,0
1,1,12,0,64,0,0,0
1,1,12,0,65,0,0,0
0,0,12,0,66,0,1,0
1,1,12,0,67,0,0,0
1,1,12,0,68,0,0,0
1,1,12,0,69,0,0,0
1,1,12,0,70,0,0,0
1,1,12,0,71,0,0,0
0,1,12,0,72,0,0,0
1,1,12,0,73,0,0,0
1,1,12,0,74,0,0,0
1,1,12,0,75,0,0,0
1,0,12,0,76,1,0,0
0,1,12,0,77,0,0,0
0,1,12,0,78,0,0,0
1,1,12,0,79,0,0,0
1,0,12,1,80,0,1,0
1,1,12,0,81,0,0,0
1,1,12,0,82,0,0,0
1,1,12,0,83,0,0,0
1,1,12,1,84,0,1,0
1,0,12,0,85,0,0,0
1,1,12,0,86,0,0,0
1,1,12,0,87,0,0,0
1,1,12,0,88,0,0,0
1,1,12,0,89,0,0,0
1,1,12,0,90,0,0,0
1,0,12,0,91,0,0,0
1,1,12,0,92,0,0,0
1,1,12,0,93,0,0,0
1,1,12,0,94,0,0,0
1,1,12,0,95,0,0,0
0,1,12,0,96,0,0,0
1,1,12,0,97,0,0,0
1,0,12,0,98,0,0,0
1,1,12,1,99,0,1,0
1,1,12,0,100,0,0,0
1,1,13,1,1,0,1,0
1,1,13,0,2,0,0,0
1,1,13,1,3,0,1,0
1,1,13,0,4,0,0,0
1,1,13,0,5,0,0,0
1,1,13,1,6,0,1,0
1,1,13,0,7,0,0,0
1,0,13,1,8,0,1,0
1,0,13,0,9,1,0,0
1,0,13,0,10,0,0,0
1,1,13,1,11,0,1,0
1,0,13,1,12,0,1,0
1,0,13,1,13,0,1,0
1,1,13,0,14,0,0,0
1,1,13,0,15,0,0,0
1,1,13,0,16,0,0,0
1,0,13,0,17,0,0,0
1,1,13,0,18,0,0,0
1,0,13,1,19,0,1,0
1,1,13,1,20,0,1,0
1,1,13,0,21,0,0,0
1,1,13,0,22,0,0,0
1,1,13,0,23,0,0,0
1,1,13,0,24,0,0,0
1,1,13,0,25,0,0,0
1,1,13,0,26,0,0,0
1,1,13,0,27,0,0,0
1,1,13,0,28,0,0,0
1,1,13,0,29,0,0,0
1,1,13,1,30,0,1,0
1,1,13,1,31,0,1,0
1,1,13,1,32,0,1,0
1,1,13,0,33,0,0,0
1,1,13,1,34,0,1,0
1,1,13,0,35,0,0,0
1,0,13,0,36,1,0,0
1,1,13,1,37,0,1,0
1,1,13,0,38,0,0,0
1,1,13,0,39,0,0,0
1,0,13,0,40,1,0,0
1,1,13,0,41,0,0,0
1,0,13,0,42,0,0,0
1,1,13,0,43,0,0,0
1,0,13,1,44,0,1,0
1,1,13,1,45,0,1,0
1,0,13,0,46,0,0,0
1,0,13,0,47,0,0,0
1,0,13,1,48,0,1,0
1,1,13,0,49,0,0,0
1,1,13,0,50,0,0,0
1,1,13,0,51,0,0,0
1,1,13,0,52,0,0,0
1,0,13,0,53,0,0,0
1,1,13,0,54,0,0,0
1,1,13,0,55,0,0,0
1,0,13,1,56,0,1,0
1,1,13,0,57,0,0,0
1,1,13,0,58,0,0,0
1,1,13,1,59,0,1,0
1,1,13,0,60,0,0,0
1,1,13,0,61,0,0,0
1,0,13,0,62,1,0,0
1,1,13,1,63,0,1,0
1,0,13,1,64,0,1,0
1,1,13,0,65,0,0,0
1,1,13,0,66,0,0,0
1,1,13,0,67,0,0,0
1,1,13,0,68,0,0,0
1,0,13,1,69,0,1,0
1,1,13,0,70,0,0,0
1,1,13,0,71,0,0,0
1,0,13,0,72,0,0,0
1,1,13,0,73,0,0,0
1,1,13,0,74,0,0,0
1,1,13,1,75,0,1,0
1,1,13,0,76,0,0,0
1,1,13,0,77,0,0,0
1,1,13,0,78,0,0,0
1,1,13,0,79,0,0,0
1,1,13,0,80,0,0,0
1,1,13,0,81,0,0,0
1,1,13,0,82,0,0,0
1,1,13,0,83,0,0,0
1,0,13,0,84,1,0,0
1,1,13,0,85,0,0,0
1,0,13,0,86,0,0,0
1,1,13,0,87,0,0,0
1,0,13,0,88,1,0,0
1,1,13,0,89,0,0,0
1,1,13,0,90,0,0,0
1,0,13,0,91,1,0,0
1,1,13,0,92,0,0,0
1,1,13,0,93,0,0,0
1,1,13,0,94,0,0,0
1,0,13,0,95,0,0,0
1,0,13,0,96,0,0,0
1,1,13,0,97,0,0,0
1,1,13,0,98,0,0,0
1,1,13,1,99,0,1,0
1,1,13,0,100,0,0,0
1,0,14,0,1,0,0,1
1,1,14,0,2,0,0,1
1,0,14,1,3,0,1,1
1,1,14,0,4,0,0,1
1,1,14,0,5,0,0,1
1,0,14,1,6,0,1,1
1,1,14,0,7,0,0,1
1,1,14,0,8,0,0,1
1,1,14,1,9,0,1,1
1,0,14,0,10,1,0,1
1,0,14,0,11,0,0,1
1,1,14,0,12,0,0,1
1,0,14,0,13,0,0,1
1,1,14,0,14,0,0,1
1,0,14,0,15,0,0,1
1,0,14,1,16,0,1,1
1,1,14,0,17,0,0,1
1,1,14,0,18,0,0,1
1,0,14,0,19,1,0,1
1,1,14,0,20,0,0,1
1,1,14,0,21,0,0,1
1,0,14,1,22,0,1,1
1,1,14,0,23,0,0,1
1,1,14,0,24,0,0,1
1,0,14,1,25,0,1,1
1,1,14,0,26,0,0,1
1,1,14,0,27,0,0,1
1,1,14,0,28,0,0,1
1,1,14,0,29,0,0,1
1,0,14,1,30,0,1,1
1,1,14,0,31,0,0,1
1,1,14,0,32,0,0,1
1,1,14,0,33,0,0,1
1,1,14,1,34,0,1,1
1,0,14,0,35,1,0,1
1,1,14,0,36,0,0,1
1,1,14,0,37,0,0,1
1,1,14,0,38,0,0,1
1,1,14,1,39,0,1,1
1,1,14,0,40,0,0,1
1,0,14,0,41,0,0,1
1,1,14,0,42,0,0,1
1,1,14,0,43,0,0,1
1,1,14,0,44,0,0,1
1,1,14,0,45,0,0,1
1,1,14,0,46,0,0,1
1,1,14,0,47,0,0,1
1,0,14,0,48,1,0,1
1,1,14,0,49,0,0,1
1,1,14,0,50,0,0,1
1,1,14,0,51,0,0,1
1,0,14,0,52,0,0,1
1,1,14,0,53,0,0,1
1,1,14,1,54,0,1,1
1,0,14,0,55,0,0,1
1,1,14,0,56,0,0,1
1,1,14,0,57,0,0,1
1,1,14,0,58,0,0,1
1,1,14,0,59,0,0,1
1,1,14,0,60,0,0,1
1,1,14,0,61,0,0,1
1,1,14,1,62,0,1,1
1,1,14,0,63,0,0,1
1,1,14,0,64,0,0,1
1,1,14,1,65,0,1,1
1,1,14,0,66,0,0,1
1,1,14,1,67,0,1,1
1,1,14,0,68,0,0,1
1,1,14,0,69,0,0,1
1,1,14,0,70,0,0,1
1,1,14,0,71,0,0,1
1,1,14,0,72,0,0,1
1,0,14,0,73,0,0,1
1,1,14,0,74,0,0,1
1,1,14,0,75,0,0,1
1,0,14,0,76,0,0,1
1,0,14,0,77,1,0,1
1,0,14,1,78,0,1,1
1,1,14,0,79,0,0,1
1,1,14,1,80,0,1,1
1,1,14,0,81,0,0,1
1,0,14,0,82,1,0,1
1,1,14,0,83,0,0,1
1,1,14,0,84,0,0,1
1,1,14,0,85,0,0,1
1,1,14,0,86,0,0,1
1,1,14,0,87,0,0,1
1,1,14,0,88,0,0,1
1,1,14,0,89,0,0,1
1,1,14,1,90,0,1,1
1,1,14,0,91,0,0,1
1,1,14,0,92,0,0,1
1,1,14,0,93,0,0,1
1,1,14,0,94,0,0,1
1,1,14,0,95,0,0,1
1,1,14,0,96,0,0,1
1,0,14,0,97,0,0,1
1,1,14,1,98,0,1,1
1,0,14,1,99,0,1,1
1,0,14,1,100,0,1,1
0,0,15,0,1,0,0,1
0,1,15,0,2,0,1,1
0,1,15,0,3,0,0,1
0,1,15,0,4,0,0,1
0,1,15,0,5,0,1,1
0,1,15,0,6,0,0,1
0,1,15,0,7,0,0,1
0,1,15,0,8,0,0,1
0,1,15,0,9,0,0,1
0,1,15,0,10,0,0,1
0,1,15,0,11,0,0,1
0,1,15,0,12,0,0,1
0,1,15,0,13,0,1,1
0,0,15,0,14,0,1,1
0,1,15,0,15,0,0,1
0,1,15,0,16,0,0,1
0,1,15,0,17,0,1,1
0,1,15,0,18,0,0,1
0,1,15,0,19,0,0,1
0,1,15,0,20,0,0,1
0,1,15,0,21,0,0,1
0,0,15,0,22,0,0,1
1,1,15,0,23,0,0,1
1,1,15,0,24,0,0,1
1,1,15,0,25,0,0,1
1,1,15,0,26,0,0,1
1,1,15,0,27,0,0,1
1,1,15,0,28,0,0,1
1,1,15,0,29,0,0,1
1,1,15,0,30,0,0,1
1,1,15,0,31,0,0,1
1,1,15,0,32,0,0,1
1,1,15,0,33,0,0,1
1,0,15,0,34,0,0,1
1,1,15,0,35,0,0,1
1,1,15,1,36,0,1,1
1,1,15,0,37,0,0,1
1,1,15,0,38,0,0,1
1,1,15,1,39,0,1,1
1,1,15,1,40,0,1,1
1,0,15,1,41,0,1,1
1,1,15,1,42,0,1,1
1,0,15,1,43,0,1,1
1,1,15,0,44,0,0,1
1,1,15,0,45,0,0,1
1,1,15,0,46,0,0,1
1,1,15,0,47,0,0,1
1,1,15,0,48,0,0,1
1,1,15,0,49,0,0,1
1,1,15,0,50,0,0,1
1,1,15,1,51,0,1,1
1,0,15,1,52,0,1,1
1,1,15,0,53,0,0,1
1,1,15,0,54,0,0,1
1,1,15,0,55,0,0,1
1,1,15,0,56,0,0,1
1,1,15,0,57,0,0,1
1,1,15,0,58,0,0,1
1,1,15,0,59,0,0,1
1,0,15,0,60,1,0,1
1,1,15,0,61,0,0,1
1,1,15,0,62,0,0,1
1,1,15,0,63,0,0,1
1,0,15,0,64,0,0,1
1,1,15,1,65,0,1,1
1,1,15,0,66,0,0,1
1,0,15,0,67,0,0,1
1,1,15,0,68,0,0,1
1,1,15,0,69,0,0,1
1,1,15,0,70,0,0,1
1,1,15,0,71,0,0,1
1,1,15,0,72,0,0,1
1,0,15,0,73,0,0,1
1,1,15,1,74,0,1,1
1,1,15,0,75,0,0,1
1,1,15,0,76,0,0,1
1,0,15,0,77,1,0,1
1,1,15,0,78,0,0,1
1,1,15,0,79,0,0,1
1,0,15,0,80,0,0,1
1,1,15,1,81,0,1,1
1,1,15,0,82,0,0,1
1,1,15,0,83,0,0,1
1,1,15,0,84,0,0,1
1,1,15,0,85,0,0,1
1,1,15,0,86,0,0,1
1,1,15,0,87,0,0,1
1,1,15,0,88,0,0,1
1,0,15,0,89,0,0,1
1,1,15,0,90,0,0,1
1,1,15,0,91,0,0,1
1,1,15,0,92,0,0,1
0,1,15,0,93,0,0,1
1,1,15,0,94,0,0,1
0,1,15,0,95,0,0,1
1,1,15,1,96,0,1,1
0,1,15,0,97,0,1,1
1,1,15,0,98,0,0,1
0,1,15,0,99,0,0,1
1,1,15,0,100,0,0,1
1,1,16,0,1,0,0,0
1,1,16,0,2,0,0,0
1,0,16,1,3,0,1,0
1,0,16,0,4,1,0,0
1,1,16,1,5,0,1,0
1,1,16,0,6,0,0,0
1,0,16,0,7,0,0,0
1,1,16,0,8,0,0,0
1,0,16,0,9,0,0,0
1,1,16,0,10,0,0,0
1,1,16,0,11,0,0,0
1,1,16,0,12,0,0,0
1,1,16,0,13,0,0,0
1,1,16,1,14,0,1,0
1,1,16,0,15,0,0,0
1,1,16,0,16,0,0,0
1,1,16,1,17,0,1,0
1,0,16,0,18,1,0,0
1,1,16,0,19,0,0,0
1,0,16,1,20,0,1,0
1,1,16,0,21,0,0,0
1,1,16,0,22,0,0,0
1,0,16,0,23,0,0,0
1,1,16,0,24,0,0,0
1,1,16,0,25,0,0,0
1,0,16,0,26,1,0,0
1,1,16,0,27,0,0,0
1,1,16,0,28,0,0,0
1,1,16,1,29,0,1,0
1,1,16,0,30,0,0,0
1,1,16,0,31,0,0,0
1,1,16,1,32,0,1,0
1,0,16,0,33,0,0,0
1,1,16,0,34,0,0,0
1,1,16,0,35,1,0,0
1,1,16,0,36,0,0,0
1,0,16,1,37,0,1,0
1,1,16,0,38,0,0,0
1,1,16,0,39,0,0,0
1,1,16,1,40,0,1,0
1,1,16,0,41,0,0,0
1,1,16,0,42,0,0,0
1,1,16,0,43,0,0,0
1,1,16,0,44,0,0,0
1,1,16,0,45,0,0,0
1,0,16,0,46,0,0,0
1,1,16,0,47,0,0,0
1,1,16,0,48,0,0,0
1,1,16,0,49,0,0,0
1,1,16,0,50,0,0,0
1,1,16,0,51,0,0,0
1,1,16,0,52,0,0,0
1,1,16,1,53,0,1,0
1,1,16,0,54,0,0,0
1,1,16,0,55,0,0,0
1,1,16,0,56,0,0,0
1,1,16,0,57,0,0,0
1,1,16,0,58,0,0,0
1,1,16,1,59,0,1,0
1,1,16,0,60,0,0,0
1,0,16,0,61,0,0,0
1,1,16,1,62,0,1,0
1,1,16,0,63,0,0,0
1,0,16,0,64,1,0,0
1,1,16,0,65,0,0,0
1,1,16,0,66,0,0,0
1,1,16,0,67,0,0,0
1,0,16,0,68,0,0,0
1,1,16,0,69,0,0,0
1,0,16,0,70,0,0,0
1,1,16,0,71,0,0,0
1,0,16,1,72,0,1,0
1,1,16,0,73,0,0,0
1,0,16,0,74,1,0,0
1,0,16,0,75,0,0,0
1,1,16,0,76,0,0,0
1,1,16,1,77,0,1,0
1,1,16,0,78,0,0,0
1,1,16,0,79,0,0,0
1,1,16,1,80,0,1,0
1,1,16,0,81,0,0,0
1,1,16,0,82,0,0,0
1,1,16,0,83,0,0,0
1,1,16,0,84,0,0,0
1,1,16,0,85,0,0,0
1,1,16,1,86,0,1,0
1,1,16,0,87,0,0,0
1,1,16,1,88,0,1,0
1,1,16,0,89,0,0,0
1,1,16,0,90,0,0,0
1,1,16,0,91,0,0,0
1,1,16,0,92,0,0,0
1,0,16,0,93,0,0,0
1,1,16,0,94,0,0,0
1,0,16,0,95,0,0,0
1,1,16,0,96,0,0,0
1,1,16,0,97,0,0,0
1,1,16,0,98,0,0,0
1,1,16,0,99,0,0,0
1,1,16,0,100,0,0,0
1,1,17,0,1,0,0,0
1,0,17,0,2,0,0,0
1,1,17,0,3,0,0,0
1,1,17,0,4,0,0,0
1,0,17,0,5,0,0,0
1,0,17,1,6,0,1,0
1,1,17,0,7,0,0,0
1,1,17,0,8,0,0,0
1,1,17,0,9,0,0,0
1,1,17,0,10,0,0,0
1,1,17,0,11,0,0,0
1,1,17,0,12,0,0,0
1,1,17,0,13,0,0,0
1,1,17,0,14,0,0,0
1,1,17,0,15,0,0,0
1,0,17,0,16,0,0,0
1,1,17,1,17,0,1,0
1,0,17,1,18,0,1,0
1,1,17,1,19,0,1,0
1,1,17,0,20,0,0,0
1,0,17,0,21,1,0,0
1,1,17,0,22,0,0,0
1,1,17,0,23,0,0,0
1,1,17,0,24,0,0,0
1,1,17,0,25,0,0,0
1,1,17,0,26,0,0,0
1,1,17,0,27,0,0,0
1,1,17,0,28,0,0,0
1,0,17,1,29,0,1,0
1,1,17,0,30,0,0,0
1,0,17,1,31,0,1,0
1,1,17,0,32,0,0,0
1,1,17,0,33,0,0,0
1,1,17,0,34,0,0,0
0,1,17,0,35,0,0,0
1,1,17,1,36,0,1,0
0,1,17,0,37,0,0,0
1,1,17,1,38,0,1,0
0,1,17,0,39,0,1,0
1,0,17,0,40,0,0,0
0,1,17,0,41,0,1,0
1,1,17,1,42,0,1,0
1,1,17,0,43,0,0,0
1,1,17,0,44,0,0,0
1,1,17,0,45,0,0,0
1,1,17,0,46,0,0,0
1,1,17,1,47,0,1,0
1,1,17,1,48,0,1,0
0,0,17,0,49,0,1,0
1,1,17,0,50,0,0,0
1,1,17,1,51,0,1,0
1,1,17,0,52,0,0,0
1,1,17,0,53,0,0,0
1,1,17,1,54,0,1,0
1,1,17,1,55,0,1,0
1,1,17,1,56,0,1,0
1,1,17,1,57,0,1,0
1,1,17,0,58,0,0,0
1,1,17,0,59,0,0,0
1,1,17,0,60,0,0,0
1,0,17,0,61,1,0,0
1,1,17,0,62,0,0,0
1,1,17,0,63,0,0,0
1,1,17,0,64,0,0,0
1,1,17,1,65,0,1,0
1,1,17,1,66,0,1,0
1,1,17,0,67,0,0,0
1,1,17,0,68,0,0,0
1,1,17,1,69,0,1,0
1,1,17,1,70,0,1,0
1,1,17,0,71,0,0,0
1,1,17,0,72,0,0,0
1,1,17,0,73,0,0,0
1,1,17,0,74,0,0,0
1,1,17,0,75,0,0,0
1,1,17,0,76,0,0,0
1,1,17,0,77,0,0,0
1,0,17,0,78,1,0,0
1,1,17,0,79,0,0,0
1,1,17,0,80,0,0,0
1,0,17,0,81,0,0,0
1,1,17,0,82,0,0,0
1,1,17,0,83,0,0,0
1,1,17,0,84,0,0,0
1,1,17,0,85,0,0,0
1,1,17,0,86,0,0,0
1,1,17,0,87,0,0,0
1,1,17,0,88,0,0,0
1,1,17,0,89,0,0,0
1,1,17,0,90,0,0,0
1,1,17,0,91,0,0,0
1,1,17,0,92,0,0,0
1,0,17,0,93,1,0,0
1,1,17,0,94,0,0,0
1,1,17,0,95,0,0,0
1,1,17,0,96,0,0,0
1,1,17,0,97,0,0,0
1,0,17,1,98,0,1,0
1,1,17,1,99,0,1,0
1,1,17,0,100,0,0,0
1,0,18,1,1,0,1,0
1,1,18,0,2,0,0,0
1,0,18,1,3,0,1,0
1,1,18,1,4,0,1,0
1,1,18,0,5,0,0,0
1,0,18,1,6,0,1,0
1,1,18,0,7,0,0,0
1,1,18,0,8,0,0,0
1,1,18,0,9,0,0,0
1,0,18,1,10,0,1,0
1,0,18,0,11,0,0,0
1,0,18,0,12,1,0,0
1,1,18,0,13,0,0,0
1,1,18,0,14,0,0,0
1,1,18,0,15,0,0,0
1,1,18,0,16,0,0,0
1,1,18,0,17,0,0,0
1,0,18,0,18,1,0,0
0,1,18,0,19,0,0,0
1,1,18,0,20,0,0,0
1,1,18,1,21,0,1,0
1,1,18,0,22,0,0,0
1,1,18,0,23,0,0,0
1,1,18,0,24,0,0,0
1,1,18,0,25,0,0,0
1,0,18,0,26,0,0,0
1,1,18,0,27,0,0,0
1,0,18,1,28,0,1,0
1,1,18,1,29,0,1,0
1,1,18,0,30,0,0,0
1,1,18,1,31,0,1,0
1,1,18,0,32,0,0,0
1,1,18,0,33,0,0,0
1,0,18,1,34,0,1,0
1,1,18,0,35,0,0,0
1,1,18,0,36,0,0,0
1,0,18,0,37,0,0,0
1,0,18,0,38,1,0,0
1,0,18,0,39,0,0,0
1,1,18,0,40,0,0,0
0,1,18,0,41,0,0,0
0,0,18,0,42,0,1,0
1,0,18,0,43,1,0,0
1,1,18,0,44,0,0,0
1,1,18,0,45,0,0,0
1,1,18,0,46,0,0,0
1,1,18,0,47,0,0,0
1,1,18,0,48,0,0,0
1,1,18,0,49,0,0,0
1,1,18,0,50,0,0,0
1,1,18,1,51,0,1,0
1,1,18,0,52,0,0,0
1,1,18,0,53,0,0,0
1,0,18,0,54,0,0,0
1,1,18,0,55,0,0,0
1,1,18,0,56,0,0,0
1,1,18,0,57,0,0,0
1,1,18,0,58,0,0,0
1,1,18,0,59,0,0,0
1,1,18,0,60,0,0,0
1,1,18,0,61,0,0,0
1,1,18,0,62,0,0,0
1,1,18,0,63,0,0,0
1,1,18,0,64,0,0,0
1,1,18,0,65,0,0,0
1,1,18,0,66,0,0,0
1,1,18,0,67,0,0,0
1,1,18,0,68,0,0,0
0,0,18,0,69,0,0,0
0,1,18,0,70,0,0,0
0,0,18,1,71,1,0,0
0,1,18,0,72,0,0,0
1,1,18,0,73,0,0,0
1,1,18,0,74,0,0,0
1,1,18,0,75,0,0,0
1,1,18,0,76,0,0,0
1,1,18,0,77,0,0,0
1,1,18,0,78,0,0,0
1,1,18,0,79,0,0,0
1,1,18,1,80,0,1,0
1,1,18,0,81,0,0,0
1,1,18,0,82,0,0,0
1,1,18,1,83,0,1,0
1,1,18,1,84,0,1,0
1,1,18,0,85,0,0,0
1,1,18,0,86,0,0,0
1,1,18,0,87,0,0,0
1,1,18,0,88,0,0,0
1,1,18,0,89,0,0,0
1,0,18,0,90,0,0,0
1,1,18,0,91,0,0,0
1,1,18,0,92,0,0,0
1,1,18,1,93,0,1,0
1,1,18,0,94,0,0,0
1,0,18,0,95,0,0,0
1,1,18,1,96,0,1,0
1,0,18,0,97,0,0,0
1,1,18,0,98,0,0,0
1,1,18,0,99,0,0,0
1,1,18,0,100,0,0,0
0,1,19,0,1,0,0,0
1,0,19,0,2,0,0,0
0,1,19,0,3,0,0,0
0,0,19,0,4,0,0,0
0,0,19,1,5,1,0,0
1,1,19,0,6,0,0,0
1,1,19,0,7,0,0,0
1,1,19,1,8,0,1,0
0,1,19,0,9,0,0,0
0,1,19,1,10,1,0,0
0,1,19,0,11,0,0,0
1,1,19,0,12,0,0,0
0,1,19,0,13,0,0,0
1,1,19,1,14,0,1,0
1,1,19,0,15,0,0,0
0,1,19,0,16,0,0,0
1,0,19,0,17,0,0,0
0,1,19,0,18,0,0,0
0,1,19,0,19,0,0,0
1,0,19,1,20,0,1,0
0,0,19,0,21,0,1,0
0,0,19,0,22,0,1,0
0,1,19,0,23,0,0,0
1,1,19,0,24,0,0,0
1,1,19,0,25,0,0,0
0,1,19,0,26,0,0,0
0,0,19,0,27,0,0,0
1,1,19,0,28,0,0,0
1,1,19,0,29,0,0,0
0,1,19,0,30,0,0,0
1,1,19,0,31,0,0,0
1,1,19,0,32,0,0,0
1,0,19,0,33,1,0,0
0,1,19,0,34,0,0,0
1,1,19,0,35,0,0,0
0,1,19,0,36,0,0,0
0,1,19,0,37,0,0,0
1,1,19,0,38,0,0,0
0,1,19,0,39,0,1,0
0,1,19,0,40,0,1,0
1,1,19,0,41,0,0,0
0,1,19,0,42,0,0,0
0,1,19,0,43,0,0,0
0,1,19,0,44,0,0,0
1,1,19,0,45,0,0,0
0,1,19,0,46,0,0,0
1,1,19,0,47,0,0,0
1,1,19,0,48,0,0,0
1,1,19,0,49,0,0,0
1,1,19,0,50,0,0,0
1,1,19,0,51,0,0,0
0,1,19,0,52,0,0,0
0,1,19,0,53,0,0,0
0,1,19,0,54,0,0,0
0,1,19,0,55,0,0,0
0,1,19,0,56,0,0,0
0,1,19,0,57,0,0,0
1,1,19,1,58,0,1,0
1,1,19,0,59,0,0,0
0,1,19,0,60,0,0,0
0,1,19,0,61,0,0,0
0,1,19,0,62,0,1,0
0,1,19,0,63,0,0,0
0,1,19,0,64,0,0,0
1,1,19,0,65,0,0,0
1,1,19,0,66,0,0,0
1,1,19,0,67,0,0,0
0,1,19,0,68,0,0,0
0,1,19,0,69,0,1,0
1,1,19,0,70,0,0,0
1,1,19,0,71,0,0,0
1,1,19,0,72,0,0,0
0,1,19,0,73,0,0,0
0,1,19,0,74,0,0,0
0,1,19,0,75,0,0,0
0,1,19,0,76,0,0,0
0,1,19,0,77,0,0,0
1,1,19,0,78,0,0,0
1,1,19,0,79,0,0,0
0,1,19,0,80,0,1,0
1,1,19,0,81,0,0,0
1,1,19,0,82,0,0,0
0,0,19,0,83,0,0,0
0,1,19,0,84,0,0,0
1,1,19,0,85,0,0,0
0,1,19,0,86,0,0,0
0,0,19,0,87,0,1,0
0,1,19,0,88,0,1,0
1,1,19,1,89,0,1,0
1,1,19,0,90,0,0,0
0,1,19,0,91,0,0,0
0,1,19,0,92,0,0,0
1,1,19,1,93,0,1,0
1,1,19,1,94,0,1,0
0,1,19,0,95,0,0,0
1,1,19,0,96,0,0,0
0,1,19,0,97,0,0,0
0,1,19,0,98,0,0,0
1,1,19,0,99,0,0,0
1,1,19,0,100,0,0,0
0,0,20,0,1,0,1,1
0,1,20,0,2,0,0,1
0,1,20,0,3,0,0,1
1,1,20,0,4,0,0,1
0,0,20,0,5,0,0,1
0,1,20,0,6,0,0,1
1,1,20,0,7,0,0,1
1,1,20,0,8,0,0,1
1,1,20,0,9,0,0,1
0,1,20,0,10,0,1,1
1,0,20,0,11,0,0,1
0,1,20,0,12,0,0,1
1,1,20,0,13,0,0,1
0,0,20,0,14,0,1,1
1,1,20,0,15,0,0,1
0,1,20,0,16,0,0,1
0,1,20,0,17,0,1,1
0,1,20,0,18,0,0,1
0,1,20,0,19,0,0,1
0,0,20,0,20,0,1,1
1,1,20,0,21,0,0,1
1,1,20,0,22,0,0,1
1,1,20,0,23,0,0,1
1,1,20,0,24,0,0,1
0,1,20,0,25,0,0,1
0,1,20,0,26,0,0,1
0,0,20,0,27,0,0,1
0,1,20,0,28,0,0,1
0,1,20,0,29,0,0,1
1,1,20,0,30,0,0,1
0,1,20,0,31,0,0,1
1,1,20,0,32,0,0,1
0,1,20,0,33,0,0,1
1,1,20,1,34,0,1,1
1,1,20,0,35,0,0,1
1,1,20,0,36,0,0,1
0,1,20,0,37,0,0,1
0,1,20,0,38,0,1,1
1,1,20,0,39,0,0,1
0,1,20,0,40,0,1,1
1,1,20,0,41,0,0,1
1,1,20,0,42,0,0,1
0,1,20,0,43,0,0,1
0,1,20,0,44,0,0,1
0,1,20,1,45,1,0,1
1,1,20,0,46,1,0,1
0,1,20,0,47,0,0,1
0,1,20,0,48,0,0,1
0,0,20,1,49,1,0,1
1,1,20,0,50,0,0,1
0,1,20,0,51,0,0,1
0,1,20,0,52,0,1,1
1,0,20,0,53,0,0,1
1,0,20,1,54,0,1,1
0,1,20,0,55,0,0,1
1,1,20,0,56,0,0,1
1,0,20,0,57,1,0,1
0,1,20,0,58,0,1,1
1,1,20,0,59,0,0,1
0,1,20,0,60,0,0,1
0,1,20,0,61,0,0,1
0,1,20,0,62,0,0,1
1,0,20,0,63,0,0,1
0,1,20,0,64,0,0,1
1,1,20,0,65,0,0,1
0,0,20,0,66,0,0,1
0,1,20,0,67,0,0,1
1,1,20,0,68,0,0,1
0,0,20,1,69,1,0,1
1,1,20,0,70,0,0,1
0,0,20,1,71,1,0,1
0,1,20,0,72,0,0,1
0,1,20,0,73,0,0,1
1,1,20,1,74,0,1,1
0,1,20,0,75,0,0,1
0,1,20,0,76,0,0,1
1,1,20,0,77,0,0,1
0,1,20,0,78,0,1,1
1,1,20,0,79,0,0,1
0,1,20,0,80,0,0,1
0,1,20,0,81,0,0,1
0,1,20,0,82,0,0,1
0,0,20,0,83,0,0,1
1,1,20,0,84,0,0,1
0,1,20,0,85,0,0,1
1,1,20,0,86,0,0,1
0,0,20,0,87,0,1,1
1,1,20,0,88,0,0,1
0,1,20,0,89,0,0,1
0,1,20,0,90,0,0,1
0,1,20,0,91,0,0,1
1,1,20,0,92,0,0,1
0,1,20,0,93,0,0,1
1,1,20,0,94,0,0,1
0,1,20,0,95,0,0,1
0,1,20,0,96,0,0,1
0,1,20,0,97,0,0,1
0,1,20,0,98,0,0,1
1,1,20,0,99,0,0,1
0,1,20,0,100,0,0,1
